<?xml version="1.0" encoding="UTF-8"?>
<!DOCTYPE editor-macros PUBLIC "-//NetBeans//DTD Editor Macros settings 1.1//EN" "http://www.netbeans.org/dtds/EditorMacros-1_1.dtd">
<editor-macros>
    <macro name="code" xml:space="preserve">
        <shortcut keystrokes="O-C"/>
        <code><![CDATA["<code></code>" caret-backward caret-backward caret-backward caret-backward caret-backward caret-backward caret-backward]]></code>
    </macro>
    <macro name="ident" xml:space="preserve">
        <shortcut keystrokes="O-PERIOD"/>
        <code><![CDATA[caret-end-line caret-begin-line caret-begin-line insert-tab caret-down]]></code>
    </macro>
    <macro name="for" xml:space="preserve">
        <shortcut keystrokes="O-F"/>
        <code><![CDATA["for(int i = 0; i < x.length; i++) {" insert-break caret-up caret-end-line caret-backward caret-backward caret-backward caret-backward caret-backward caret-backward caret-backward caret-backward selection-backward selection-backward selection-backward selection-backward selection-backward selection-backward selection-backward selection-backward]]></code>
    </macro>
    <macro name="delete-line" xml:space="preserve">
        <code><![CDATA[caret-end-line caret-begin-line caret-begin-line selection-down delete-next caret-begin-line]]></code>
    </macro>
    <macro name="comment-line2" xml:space="preserve">
        <shortcut keystrokes="O-Q"/>
        <code><![CDATA[caret-end-line caret-begin-line "//" caret-down]]></code>
    </macro>
    <macro name="main" xml:space="preserve">
        <shortcut keystrokes="O-M"/>
        <code><![CDATA[insert-break insert-break insert-break caret-up "public static void main(String[] args) {" insert-break]]></code>
    </macro>
    <macro name="comment-line" xml:space="preserve">
        <shortcut keystrokes="O-Q"/>
        <code><![CDATA[caret-begin-line "//" caret-down]]></code>
    </macro>
    <macro name="bold" xml:space="preserve">
        <shortcut keystrokes="O-B"/>
        <code><![CDATA["<b></b>" caret-backward caret-backward caret-backward caret-backward]]></code>
    </macro>
    <macro name="try-catch" xml:space="preserve">
        <shortcut keystrokes="O-T"/>
        <code><![CDATA[cut-to-clipboard caret-up caret-end-line insert-break "try {" insert-break caret-begin-line selection-down paste-from-clipboard caret-end-line " catch(Exception e" caret-forward " {" insert-break "e.pr"]]></code>
    </macro>
    <macro name="italic" xml:space="preserve">
        <shortcut keystrokes="O-I"/>
        <code><![CDATA["<i></i>" caret-backward caret-backward caret-backward caret-backward]]></code>
    </macro>
    <macro name="delete2-line" xml:space="preserve">
        <shortcut keystrokes="O-D"/>
        <code><![CDATA[caret-end-line "//del" caret-begin-line caret-begin-line selection-down delete-next]]></code>
    </macro>
    <macro name="println" xml:space="preserve">
        <shortcut keystrokes="O-S"/>
        <code><![CDATA["System.out.println();" caret-backward caret-backward]]></code>
    </macro>
    <macro name="make void-bean" xml:space="preserve">
        <shortcut keystrokes="O-V"/>
        <code><![CDATA[caret-begin-line caret-next-word selection-next-word selection-next-word "void" caret-up caret-up caret-up remove-line caret-down caret-down caret-down caret-down remove-line caret-down caret-down caret-down caret-down caret-down caret-down caret-down caret-down caret-down caret-down caret-down caret-down caret-down caret-down caret-down caret-down caret-down caret-down caret-down caret-down]]></code>
    </macro>
    <macro name="unident" xml:space="preserve">
        <shortcut keystrokes="O-COMMA"/>
        <code><![CDATA[caret-end-line caret-begin-line caret-begin-line delete-next delete-next caret-down]]></code>
    </macro>
    <macro name="return-this" xml:space="preserve">
        <shortcut keystrokes="O-R"/>
        <code><![CDATA[caret-begin-line caret-next-word selection-next-word selection-backward paste-from-clipboard caret-down caret-end-line insert-break "return this;" caret-down caret-down caret-down caret-down]]></code>
    </macro>
    <macro name="not-null" xml:space="preserve">
        <shortcut keystrokes="O-N"/>
        <code><![CDATA["if(" paste-from-clipboard " == null" caret-end-line " {" insert-break "throw new IllegalArgumentException(\"Bad Null " paste-from-clipboard caret-end-line ";"]]></code>
    </macro>
    <macro name="del-line" xml:space="preserve">
        <shortcut keystrokes="D-D"/>
        <code><![CDATA[remove-line caret-up caret-end-line insert-break]]></code>
    </macro>
    <macro name="decomment-line" xml:space="preserve">
        <shortcut keystrokes="O-W"/>
        <code><![CDATA[caret-end-line caret-begin-line delete-next delete-next caret-down]]></code>
    </macro>
</editor-macros>
