<?xml version="1.0" encoding="UTF-8"?>
<!DOCTYPE fontscolors PUBLIC "-//NetBeans//DTD Editor Fonts and Colors settings 1.1//EN" "http://www.netbeans.org/dtds/EditorFontsColors-1_1.dtd">
<fontscolors>
    <fontcolor foreColor="ff6185a6" name="PHP_VARIABLE"/>
    <fontcolor foreColor="ff995f29" name="mod-method">
        <font style="bold"/>
    </fontcolor>
    <fontcolor default="uncovered" name="uncovered"/>
    <fontcolor name="mod-private"/>
    <fontcolor name="mod-protected"/>
    <fontcolor default="identifier" foreColor="ff9b703f" name="PHP_STRING"/>
    <fontcolor name="mod-deprecated" strikeThrough="darkGray"/>
    <fontcolor bgColor="ffeceba3" name="mark-occurrences"/>
    <fontcolor name="mod-abstract"/>
    <fontcolor default="field" name="mod-field"/>
    <fontcolor foreColor="ff6185a6" name="heredocdelimiter"/>
    <fontcolor foreColor="white" name="phpopenclose">
        <font style="bold"/>
    </fontcolor>
    <fontcolor default="covered" name="covered"/>
    <fontcolor foreColor="white" name="PHP_CONTENT"/>
    <fontcolor name="mod-public"/>
    <fontcolor name="mod-constructor">
        <font style="bold"/>
    </fontcolor>
    <fontcolor name="mod-local-variable"/>
    <fontcolor default="constant" foreColor="white" name="constant">
        <font style="italic"/>
    </fontcolor>
    <fontcolor foreColor="ff6185a6" name="mod-parameter"/>
    <fontcolor default="keyword" name="keyword"/>
    <fontcolor default="number" foreColor="magenta" name="number"/>
    <fontcolor name="mod-static">
        <font style="italic"/>
    </fontcolor>
    <fontcolor default="partial" name="partial"/>
    <fontcolor default="inferred" name="inferred"/>
    <fontcolor default="operator" name="operator"/>
    <fontcolor foreColor="white" name="T_INLINE_HTML"/>
    <fontcolor name="mod-class">
        <font style="bold"/>
    </fontcolor>
    <fontcolor name="mod-unused" waveUnderlined="ff999999"/>
    <fontcolor default="comment" foreColor="ff9999ff" name="htmltag">
        <font style="bold"/>
    </fontcolor>
    <fontcolor default="string" name="string"/>
    <fontcolor name="mod-custom1">
        <font style="bold"/>
    </fontcolor>
    <fontcolor default="comment" name="phpdockeyword">
        <font style="bold"/>
    </fontcolor>
    <fontcolor default="comment" name="comment"/>
    <fontcolor default="identifier" foreColor="ff6185a6" name="identifier"/>
    <fontcolor default="separator" name="separator"/>
</fontscolors>
