<?xml version="1.0" encoding="UTF-8"?>

<!--
  Licensed to the Apache Software Foundation (ASF) under one or more
  contributor license agreements.  See the NOTICE file distributed with
  this work for additional information regarding copyright ownership.
  The ASF licenses this file to You under the Apache License, Version 2.0
  (the "License"); you may not use this file except in compliance with
  the License.  You may obtain a copy of the License at

       http://www.apache.org/licenses/LICENSE-2.0

  Unless required by applicable law or agreed to in writing, software
  distributed under the License is distributed on an "AS IS" BASIS,
  WITHOUT WARRANTIES OR CONDITIONS OF ANY KIND, either express or implied.
  See the License for the specific language governing permissions and
  limitations under the License.
-->

<!--
  Use this configuration file to start one or more local nodes of Apache
  Ignite under Windows 10 WSL Environment

  To start a node, issue the following command in Apache Ignite home dir:
    bin/ignite.sh config/wsl-default-config.xml -J-DNODE=00 &
    bin/ignite.sh config/wsl-default-config.xml -J-DNODE=01 &
    ...
    bin/ignite.sh config/wsl-default-config.xml -J-DNODE=99 &
  thus starting up to 100 nodes locally.
-->

<beans xmlns="http://www.springframework.org/schema/beans"
       xmlns:xsi="http://www.w3.org/2001/XMLSchema-instance"
       xsi:schemaLocation="
        http://www.springframework.org/schema/beans
        http://www.springframework.org/schema/beans/spring-beans.xsd">

    <bean id="placeholderConfig" class="org.springframework.beans.factory.config.PropertyPlaceholderConfigurer"/>

    <bean id="ignite.cfg" class="org.apache.ignite.configuration.IgniteConfiguration">
        <property name="discoverySpi">
            <bean class="org.apache.ignite.spi.discovery.tcp.TcpDiscoverySpi">
                <property name="localPort" value="475${NODE}"/>
                <property name="ipFinder">
                    <bean class="org.apache.ignite.spi.discovery.tcp.ipfinder.multicast.TcpDiscoveryMulticastIpFinder">
                        <property name="addresses">
                            <list>
                                <value>127.0.0.1:47500..47599</value>
                            </list>
                        </property>
                    </bean>
                </property>
            </bean>
        </property>

        <property name="communicationSpi">
            <bean class="org.apache.ignite.spi.communication.tcp.TcpCommunicationSpi">
                <property name="localPort" value="481${NODE}"/>
            </bean>
        </property>

    </bean>
</beans>
