<pretty-config xmlns="http://ocpsoft.com/prettyfaces/3.3.2" 
               xmlns:xsi="http://www.w3.org/2001/XMLSchema-instance" 
               xsi:schemaLocation="http://ocpsoft.com/prettyfaces/3.3.2
                                   		http://ocpsoft.com/xml/ns/prettyfaces/ocpsoft-pretty-faces-3.3.2.xsd">

  <url-mapping id="home">
    <pattern value="/"/>
    <view-id value="/faces/index.xhtml"/>
  </url-mapping>
                                        
  <url-mapping id="atuacao">
    <pattern value="/atuacao"/>
    <view-id value="/faces/atuacao.xhtml"/>
  </url-mapping>
                                        
  <url-mapping id="curriculum">
    <pattern value="/curriculum"/>
    <view-id value="/faces/curriculum.xhtml"/>
  </url-mapping>
                                        
  <url-mapping id="curriculo">
    <pattern value="/curriculo"/>
    <view-id value="/faces/curriculum.xhtml"/>
  </url-mapping>
                                        
  <url-mapping id="contato">
    <pattern value="/contato"/>
    <view-id value="/faces/contact.xhtml"/>
  </url-mapping>
                                        
  <url-mapping id="noticias">
    <pattern value="/noticias"/>
    <view-id value="/faces/news.xhtml"/>
  </url-mapping>
                                        
  <url-mapping id="news">
    <pattern value="/news"/>
    <view-id value="/faces/news.xhtml"/>
  </url-mapping>
                                        
  <url-mapping id="blog">
    <pattern value="/blog"/>
    <view-id value="/faces/blog.xhtml"/>
  </url-mapping>
                                        
  <url-mapping id="login">
    <pattern value="/login"/>
    <view-id value="/faces/login.xhtml"/>
  </url-mapping>
                                        
</pretty-config>