<?xml version='1.0' encoding='utf-8'?>

<!--
  Licensed to the Apache Software Foundation (ASF) under one or more
  contributor license agreements.  See the NOTICE file distributed with
  this work for additional information regarding copyright ownership.
  The ASF licenses this file to You under the Apache License, Version 2.0
  (the "License"); you may not use this file except in compliance with
  the License.  You may obtain a copy of the License at

       http://www.apache.org/licenses/LICENSE-2.0

  Unless required by applicable law or agreed to in writing, software
  distributed under the License is distributed on an "AS IS" BASIS,
  WITHOUT WARRANTIES OR CONDITIONS OF ANY KIND, either express or implied.
  See the License for the specific language governing permissions and
  limitations under the License.
-->

<!DOCTYPE hibernate-configuration PUBLIC
        "-//Hibernate/Hibernate Configuration DTD 3.0//EN"
        "http://www.hibernate.org/dtd/hibernate-configuration-3.0.dtd">

<!--
    Hibernate configuration.
-->
<hibernate-configuration>
    <session-factory>
        <!-- Database connection URL. -->
        <property name="connection.url">jdbc:h2:tcp://localhost/mem:ExampleDb</property>

        <!-- Database connection username. -->
        <property name="connection.username">sa</property>

        <!-- Only validate the database schema on startup in production mode. -->
        <property name="hbm2ddl.auto">update</property>

        <!-- Do not output SQL. -->
        <property name="show_sql">false</property>

        <!-- Mappings. -->
        <mapping resource="org/apache/ignite/examples/datagrid/store/hibernate/Person.hbm.xml"/>
    </session-factory>
</hibernate-configuration>
