<?xml version="1.0" encoding="UTF-8"?>
<!DOCTYPE bindings PUBLIC "-//NetBeans//DTD Editor KeyBindings settings 1.1//EN" "http://www.netbeans.org/dtds/EditorKeyBindings-1_1.dtd">
<bindings>
    <bind key="S-SPACE" remove="true"/>
    <bind key="O-Q" remove="true"/>
    <bind key="S-F10" remove="true"/>
    <bind key="O-S" remove="true"/>
    <bind key="O-C" remove="true"/>
    <bind key="O-COMMA" remove="true"/>
    <bind key="O-PERIOD" remove="true"/>
    <bind key="O-N" remove="true"/>
    <bind key="O-W" remove="true"/>
    <bind key="O-I" remove="true"/>
    <bind key="O-B" remove="true"/>
    <bind key="O-R" remove="true"/>
    <bind key="O-T" remove="true"/>
    <bind key="O-D" remove="true"/>
    <bind key="O-M" remove="true"/>
    <bind key="O-V" remove="true"/>
    <bind key="D-D" remove="true"/>
    <bind key="O-F" remove="true"/>
</bindings>
