<?xml version="1.0" encoding="UTF-8"?>

<!--
  Licensed to the Apache Software Foundation (ASF) under one or more
  contributor license agreements.  See the NOTICE file distributed with
  this work for additional information regarding copyright ownership.
  The ASF licenses this file to You under the Apache License, Version 2.0
  (the "License"); you may not use this file except in compliance with
  the License.  You may obtain a copy of the License at

       http://www.apache.org/licenses/LICENSE-2.0

  Unless required by applicable law or agreed to in writing, software
  distributed under the License is distributed on an "AS IS" BASIS,
  WITHOUT WARRANTIES OR CONDITIONS OF ANY KIND, either express or implied.
  See the License for the specific language governing permissions and
  limitations under the License.
-->

<!--
    POM file.
-->
<project
    xmlns="http://maven.apache.org/POM/4.0.0"
    xmlns:xsi="http://www.w3.org/2001/XMLSchema-instance"
    xsi:schemaLocation="http://maven.apache.org/POM/4.0.0 http://maven.apache.org/xsd/maven-4.0.0.xsd">
    <modelVersion>4.0.0</modelVersion>

    <properties>
        <maven.compiler.source>1.8</maven.compiler.source>
        <maven.compiler.target>1.8</maven.compiler.target>

        <project.build.sourceEncoding>UTF-8</project.build.sourceEncoding>

        <!-- will be changed by profile activation. allows to combine profiles. -->
        <spark.folder>src/main/java</spark.folder>
        <lgpl.folder>src/main/java</lgpl.folder>
    </properties>

    <groupId>org.apache.ignite</groupId>
    <artifactId>ignite-examples</artifactId>
    <version>to_be_replaced_by_ignite_version</version>

    <dependencies>
        <dependency>
            <groupId>javax.cache</groupId>
            <artifactId>cache-api</artifactId>
            <version>1.0.0</version>
        </dependency>

        <dependency>
            <groupId>org.apache.ignite</groupId>
            <artifactId>ignite-core</artifactId>
            <version>to_be_replaced_by_ignite_version</version>
        </dependency>

        <dependency>
            <groupId>org.apache.ignite</groupId>
            <artifactId>ignite-spring</artifactId>
            <version>to_be_replaced_by_ignite_version</version>
        </dependency>

        <dependency>
            <groupId>org.apache.ignite</groupId>
            <artifactId>ignite-log4j</artifactId>
            <version>to_be_replaced_by_ignite_version</version>
        </dependency>

        <dependency>
            <groupId>org.apache.ignite</groupId>
            <artifactId>ignite-indexing</artifactId>
            <version>to_be_replaced_by_ignite_version</version>
        </dependency>

        <dependency>
            <groupId>org.apache.ignite</groupId>
            <artifactId>ignite-spring-data</artifactId>
            <version>to_be_replaced_by_ignite_version</version>
        </dependency>

        <dependency>
            <groupId>org.apache.ignite</groupId>
            <artifactId>ignite-ml</artifactId>
            <version>to_be_replaced_by_ignite_version</version>
        </dependency>

        <dependency>
            <groupId>commons-cli</groupId>
            <artifactId>commons-cli</artifactId>
            <version>1.2</version>
        </dependency>

        <dependency>
            <groupId>com.google.code.simple-spring-memcached</groupId>
            <artifactId>spymemcached</artifactId>
            <version>2.8.4</version>
        </dependency>
    </dependencies>

    <profiles>
        <profile>
            <id>scala</id>

            <properties>
                <spark.folder>src/main/spark</spark.folder>
            </properties>

            <dependencies>
                <dependency>
                    <groupId>org.apache.ignite</groupId>
                    <artifactId>ignite-scalar</artifactId>
                    <version>to_be_replaced_by_ignite_version</version>
                </dependency>

                <dependency>
                    <groupId>org.apache.ignite</groupId>
                    <artifactId>ignite-spark</artifactId>
                    <version>to_be_replaced_by_ignite_version</version>
                </dependency>
            </dependencies>

            <build>
                <plugins>
                    <plugin>
                        <groupId>net.alchim31.maven</groupId>
                        <artifactId>scala-maven-plugin</artifactId>
                        <version>3.2.0</version>
                        <configuration>
                            <jvmArgs>
                                <jvmArg>-Xms512m</jvmArg>
                                <jvmArg>-Xmx1024m</jvmArg>
                            </jvmArgs>
                        </configuration>
                        <executions>
                            <execution>
                                <id>scala-compile-first</id>
                                <phase>process-resources</phase>
                                <goals>
                                    <goal>add-source</goal>
                                    <goal>compile</goal>
                                </goals>
                            </execution>
                            <execution>
                                <id>scala-test-compile</id>
                                <phase>process-test-resources</phase>
                                <goals>
                                    <goal>testCompile</goal>
                                </goals>
                            </execution>
                        </executions>
                    </plugin>
                </plugins>
            </build>
        </profile>

        <profile>
            <!-- See README.txt for details -->
            <id>lgpl</id>

            <activation>
                <activeByDefault>false</activeByDefault>
            </activation>

            <properties>
                <lgpl.folder>src/main/java-lgpl</lgpl.folder>
            </properties>

            <dependencies>
                <dependency>
                    <groupId>org.apache.ignite</groupId>
                    <artifactId>ignite-hibernate_5.1</artifactId>
                    <version>to_be_replaced_by_ignite_version</version>
                </dependency>

                <dependency>
                    <groupId>org.apache.ignite</groupId>
                    <artifactId>ignite-schedule</artifactId>
                    <version>to_be_replaced_by_ignite_version</version>
                </dependency>

                <dependency>
                    <groupId>org.apache.ignite</groupId>
                    <artifactId>ignite-geospatial</artifactId>
                    <version>to_be_replaced_by_ignite_version</version>
                </dependency>
            </dependencies>
        </profile>
    </profiles>

    <build>
        <resources>
            <resource>
                <directory>src/main/java</directory>
                <excludes>
                    <exclude>**/*.java</exclude>
                </excludes>
            </resource>
            <resource>
                <directory>config</directory>
            </resource>
        </resources>

        <plugins>
            <plugin>
                <groupId>org.codehaus.mojo</groupId>
                <artifactId>build-helper-maven-plugin</artifactId>
                <executions>
                    <execution>
                        <id>add-sources</id>
                        <phase>generate-sources</phase>
                        <goals>
                            <goal>add-source</goal>
                        </goals>
                        <configuration>
                            <sources>
                                <source>${lgpl.folder}</source>
                                <source>${spark.folder}</source>
                            </sources>
                        </configuration>
                    </execution>
                </executions>
            </plugin>
        </plugins>
    </build>
</project>
