<?xml version='1.0'?>
<!DOCTYPE connection PUBLIC '-//NetBeans//DTD Database Connection 1.2//EN' 'http://www.netbeans.org/dtds/connection-1_2.dtd'>
<connection>
  <driver-class value='com.mysql.jdbc.Driver'/>
  <driver-name value='MySQL'/>
  <database-url value='jdbc:mysql://172.29.14.107:3306'/>
  <schema value=''/>
  <user value='portal'/>
  <display-name value='107'/>
  <connection-property>
    <name>sessionVariables</name>
    <value>wait_timeout=666</value>
  </connection-property>
  <connection-property>
    <name>eroDateTimeBehavior</name>
    <value>convertToNull</value>
  </connection-property>
  <connection-property>
    <name>utoReconnect</name>
    <value>true</value>
  </connection-property>
  <use-scrollable-cursors value='false'/>
</connection>
