<?xml version="1.0" encoding="ISO-8859-1" ?>
<!DOCTYPE queries [
<!ELEMENT queries (query+)>
<!ELEMENT query (sql+)>
<!ELEMENT sql (#PCDATA)>
<!ATTLIST queries ver CDATA #REQUIRED>
<!ATTLIST query group CDATA #REQUIRED>
<!ATTLIST query dcr CDATA #REQUIRED>
<!ATTLIST sql name CDATA #REQUIRED>
]>
<queries ver="1">

	<query group='crm' dcr='SQLs mestre'>

		<sql name='alterarRegistro'><![CDATA[
		update `crm`.`CRMF`
		SET 
			`CRMF`.`cd_tip_item_cat`= ?,		
			`CRMF`.`cd_cls_item_cat` = ?,
			`CRMF`.`cd_scls_item_cat`= ?,
			`CRMF`.`nr_seql_item_cat`= ?,
			`CRMF`.`vl_aqs_bem`= ?,
			`CRMF`.`vl_tot_dvlz`= ?,
			`CRMF`.`cd_tip_sit`= ?
		WHERE `CRMF`.`nr_unvl_bem` = ?
			AND `CRMF`.`cd_tip_bem` = ?
			
		]]></sql>

		<sql name='incluirRegistro'><![CDATA[
			INSERT INTO `crm`.`CRMF`
			(`nr_unvl_bem`,`cd_tip_item_cat`,`cd_cls_item_cat`,`cd_scls_item_cat`,`nr_seql_item_cat`,
			`cd_tip_bem`,`vl_aqs_bem`,`vl_tot_dvlz`,`cd_tip_sit`)
			VALUES(?,?,?,?,?,?,?,?,?);
		]]></sql>

		<sql name='buscarBem'><![CDATA[
		
			SELECT SQL_CACHE
				`CRMF`.`nr_unvl_bem`,
			    concat(
					concat(repeat("0", 2-length(`CRMF`.`cd_tip_item_cat`)),`CRMF`.`cd_tip_item_cat`),
					'.',
			        concat(repeat("0",2-length(`CRMF`.`cd_cls_item_cat`)),`CRMF`.`cd_cls_item_cat`),
			        '.',
			        concat(repeat("0",3-length(`CRMF`.`cd_scls_item_cat`)),`CRMF`.`cd_scls_item_cat`),
			        '.',
			        concat(repeat("0",6-length(`CRMF`.`nr_seql_item_cat`)),`CRMF`.`nr_seql_item_cat`)
			        ) AS `pbms`,
				`PBMS`.`NOM_ITEM` AS `nom_pbms`,
			    `CRMF`.`cd_tip_item_cat`,
			    `CRMF`.`cd_cls_item_cat`,
			    `CRMF`.`cd_scls_item_cat`,
			    `CRMF`.`nr_seql_item_cat`,
			    `CRMF`.`cd_tip_bem`,
			    `CRMF`.`cd_prf_depe_dttr`,
			    `CRMF`.`cd_sag_depe_dttr`,
			    `CRMF`.`sg_uf_depe_dttr`,
			    `CRMF`.`cd_fma_aqs_bem`,
			    `CRMF`.`tx_nr_nota_aqs`,
			    `CRMF`.`dt_aqs_bem`,
			    `CRMF`.`qt_item`,
			    `CRMF`.`vl_aqs_bem`,
			    `CRMF`.`vl_tot_dvlz`,
			    `CRMF`.`cd_cli_frnc`,
			    `CRMF`.`cd_tip_sit`,
			    `CRMF`.`dt_sit`,
			    `CRMF`.`cd_prf_depe_itlc`,
			    `CRMF`.`cd_sag_depe_itlc`,
			    `CRMF`.`dt_itlc`,
			    `CRMF`.`cd_prf_rsdn_jrdc`,
			    `CRMF`.`nr_unvl_itlc`,
			    `CRMF`.`cd_est_csv`,
			    `CRMF`.`tx_adar_itlc`,
			    `CRMF`.`cd_str_itlc`,
			    `CRMF`.`cd_sit_ivt`,
			    `CRMF`.`cd_itlc_depe`,
			    `CRMF`.`cd_sit_itlc_depe_itlc`,
			    `CRMF`.`cd_tip_sit_imv`,
			    `CRMF`.`cd_ocpt_lcal`,
			    `CRMF`.`tx_epc_tcn`,
			    `CRMF`.`cd_cfg_item`,
			    `CRMF`.`aa_ctr`,
			    `CRMF`.`cd_uor_ctr`,
			    `CRMF`.`nr_ctr`,
			    `CRMF`.`nr_seql_item_ctr`
			FROM 
				`crm`.`CRMF`
				INNER JOIN `crm`.`PBMS`ON (
			    
					`CRMF`.`cd_tip_item_cat` = `PBMS`.`TPO_PBMS`
					AND `CRMF`.`cd_cls_item_cat` = `PBMS`.`CLS_PBMS`
					AND `CRMF`.`cd_scls_item_cat` = `PBMS`.`SCL_PBMS`
					AND `CRMF`.`nr_seql_item_cat` = `PBMS`.`SEQ_PBMS`
			    )
			WHERE
				`CRMF`.`nr_unvl_bem` = '$nr_unvl_bem' and
				`CRMF`.`cd_tip_bem` =  '$cd_tip_bem'
			    
			LIMIT 0, 1000    ;
			
		]]></sql>

		<sql name='listarBens1'><![CDATA[
		
			SELECT SQL_CACHE
				`CRMF`.`nr_unvl_bem`,
			    concat(
					concat(repeat("0", 2-length(`CRMF`.`cd_tip_item_cat`)),`CRMF`.`cd_tip_item_cat`),
					'.',
			        concat(repeat("0",2-length(`CRMF`.`cd_cls_item_cat`)),`CRMF`.`cd_cls_item_cat`),
			        '.',
			        concat(repeat("0",3-length(`CRMF`.`cd_scls_item_cat`)),`CRMF`.`cd_scls_item_cat`),
			        '.',
			        concat(repeat("0",6-length(`CRMF`.`nr_seql_item_cat`)),`CRMF`.`nr_seql_item_cat`)
			        ) AS `pbms`,
				`PBMS`.`NOM_ITEM` AS `nom_pbms`,
			    `CRMF`.`cd_tip_item_cat`,
			    `CRMF`.`cd_cls_item_cat`,
			    `CRMF`.`cd_scls_item_cat`,
			    `CRMF`.`nr_seql_item_cat`,
			    `CRMF`.`cd_tip_bem`,
			    `CRMF`.`cd_prf_depe_dttr`,
			    `CRMF`.`cd_sag_depe_dttr`,
			    `CRMF`.`sg_uf_depe_dttr`,
			    `CRMF`.`cd_fma_aqs_bem`,
			    `CRMF`.`tx_nr_nota_aqs`,
			    `CRMF`.`dt_aqs_bem`,
			    `CRMF`.`qt_item`,
			    `CRMF`.`vl_aqs_bem`,
			    `CRMF`.`vl_tot_dvlz`,
			    `CRMF`.`cd_cli_frnc`,
			    `CRMF`.`cd_tip_sit`,
			    `CRMF`.`dt_sit`,
			    `CRMF`.`cd_prf_depe_itlc`,
			    `CRMF`.`cd_sag_depe_itlc`,
			    `CRMF`.`dt_itlc`,
			    `CRMF`.`cd_prf_rsdn_jrdc`,
			    `CRMF`.`nr_unvl_itlc`,
			    `CRMF`.`cd_est_csv`,
			    `CRMF`.`tx_adar_itlc`,
			    `CRMF`.`cd_str_itlc`,
			    `CRMF`.`cd_sit_ivt`,
			    `CRMF`.`cd_itlc_depe`,
			    `CRMF`.`cd_sit_itlc_depe_itlc`,
			    `CRMF`.`cd_tip_sit_imv`,
			    `CRMF`.`cd_ocpt_lcal`,
			    `CRMF`.`tx_epc_tcn`,
			    `CRMF`.`cd_cfg_item`,
			    `CRMF`.`aa_ctr`,
			    `CRMF`.`cd_uor_ctr`,
			    `CRMF`.`nr_ctr`,
			    `CRMF`.`nr_seql_item_ctr`
			FROM 
				`crm`.`CRMF`
				INNER JOIN `crm`.`PBMS`ON (
			    
					`CRMF`.`cd_tip_item_cat` = `PBMS`.`TPO_PBMS`
					AND `CRMF`.`cd_cls_item_cat` = `PBMS`.`CLS_PBMS`
					AND `CRMF`.`cd_scls_item_cat` = `PBMS`.`SCL_PBMS`
					AND `CRMF`.`nr_seql_item_cat` = `PBMS`.`SEQ_PBMS`
			    )
			WHERE
				`CRMF`.`cd_tip_bem` = 3
			    
			LIMIT 0, 1000    ;
			
		]]></sql>

		<sql name='excluirRegistro'><![CDATA[
			DELETE FROM `crm`.`CRMF`
			WHERE `CRMF`.`nr_unvl_bem` = ?;
		]]></sql>


		<sql name="incluirArquivo">
		<![CDATA[
			INSERT INTO `crm`.`ARQUIVOS`
			(`CD_ARQ`, `URL`, `SIZE`, `DT`, `MTC`)
			VALUES
			(?, ?, ?, Now(), ?);
			
		]]>
		
		</sql>
	</query>
	
	<query group='lvtmRduoSldd' dcr='Consultas do lvtmRduoSldd'>

		<sql name='buscarDepe'><![CDATA[
		
SELECT SQL_CACHE
	`depe`.`CD_UOR`,
    RTRIM(`depe`.`NM_UOR_RED`) AS `NM_UOR_RED`,
    RTRIM(`depe`.`NM_UOR_CMPL`) AS `NM_UOR_CMPL`,
    `depe`.`CD_PRF`,
    `depe`.`CD_SBDD`,
    IF(`depe_end`.`CMPT_END` <> "" OR NOT ISNULL(`depe_end`.`CMPT_END`), CONCAT(RTRIM(`depe_end`.`END_UOR`),", ",RTRIM(`depe_end`.`CMPT_END`)),RTRIM(`depe_end`.`END_UOR`)) AS `END_UOR`,
    RTRIM(`depe_end`.`NM_BAI`) AS `NM_BAI`,
    RTRIM(`depe_end`.`NM_MUN`) AS `NM_MUN`,
    `depe_end`.`SG_UF`
FROM 
	`mstNovo`.`depe`
LEFT JOIN
	`mstNovo`.`depe_end`
    USING(CD_UOR)
WHERE 1
	AND `depe`.`CD_EST_FCN` = 2
    AND `depe`.`CD_PRF` = (SELECT `depe`.`CD_PRF` FROM `mstNovo`.`depe` WHERE `depe`.`CD_UOR` = $cdUor)
ORDER BY
	`depe`.`CD_PRF`,
    `depe`.`CD_SBDD`
;
]]></sql>
    
		<sql name='buscarLsItem'><![CDATA[
SELECT SQL_CACHE
	`CAD_ITEM_DSPN`.`CD_TIP_BEM`,
    `TIP_BEM`.`DCR_TIP_BEM`,
    `CAD_ITEM_DSPN`.`CD_STIP_BEM`,    
    `STIP_BEM`.`DCR_STIP_BEM`,
    `CAD_ITEM_DSPN`.`ID_BEM`,
    `CAD_ITEM_DSPN`.`NM_BEM`,
    `CAD_ITEM_DSPN`.`IND_ITEM_OUTROS`,    
    IF(ISNULL(`LS_ITEM_DSPN`.`QT_ITEM_DCLD`),0,`LS_ITEM_DSPN`.`QT_ITEM_DCLD`) AS `QT_ITEM_DCLD`,
    `LS_ITEM_DSPN`.`DRC_BEM_OUTROS`,
   	`INFO_DCLT`.`CD_PRF_DTTR`,
    `INFO_DCLT`.`CD_SBDD_DTTR`,
    `INFO_DCLT`.`CHV_FUN_DCLT`,
    DATE_FORMAT(`INFO_DCLT`.`DT_DCL`,"%d/%m/%Y") AS `DT_DCL`    
FROM 
	`lvtm_rduo_sldd`.`CAD_ITEM_DSPN`
INNER JOIN
	`lvtm_rduo_sldd`.`TIP_BEM`
    USING(`CD_TIP_BEM`)
INNER JOIN
	`lvtm_rduo_sldd`.`STIP_BEM`
    USING(`CD_STIP_BEM`)
LEFT JOIN
	`lvtm_rduo_sldd`.`LS_ITEM_DSPN`
    ON 1
	AND `CAD_ITEM_DSPN`.`CD_TIP_BEM` = `LS_ITEM_DSPN`.`CD_TIP_BEM`
    AND `CAD_ITEM_DSPN`.`CD_STIP_BEM` = `LS_ITEM_DSPN`.`CD_STIP_BEM`
    AND `CAD_ITEM_DSPN`.`ID_BEM` = `LS_ITEM_DSPN`.`ID_BEM`
    AND `LS_ITEM_DSPN`.`CD_PRF_DTTR` = $cdPrf
    AND `LS_ITEM_DSPN`.`CD_SBDD_DTTR` = $cdSbdd
LEFT JOIN
	(SELECT
   	`LS_ITEM_DSPN`.`CD_PRF_DTTR`,
    `LS_ITEM_DSPN`.`CD_SBDD_DTTR`,
    MAX(`LS_ITEM_DSPN`.`CHV_FUN_DCLT`) AS `CHV_FUN_DCLT`,
    MAX(`LS_ITEM_DSPN`.`DT_DCL`) AS `DT_DCL`
FROM
	`lvtm_rduo_sldd`.`LS_ITEM_DSPN`
GROUP BY
	`LS_ITEM_DSPN`.`CD_PRF_DTTR`,
    `LS_ITEM_DSPN`.`CD_SBDD_DTTR`) `INFO_DCLT`
    ON 1
    AND `INFO_DCLT`.`CD_PRF_DTTR` = $cdPrf
    AND `INFO_DCLT`.`CD_SBDD_DTTR` = $cdSbdd
ORDER BY
	`CAD_ITEM_DSPN`.`CD_TIP_BEM`,
    `CAD_ITEM_DSPN`.`CD_STIP_BEM`,
    `CAD_ITEM_DSPN`.`ID_BEM`
;
		]]></sql>
    
    
		<sql name='buscarTipBem'><![CDATA[
SELECT SQL_CACHE
	`TIP_BEM`.`CD_TIP_BEM`,
    `TIP_BEM`.`DCR_TIP_BEM`
FROM 
	`lvtm_rduo_sldd`.`TIP_BEM`
INNER JOIN
	`lvtm_rduo_sldd`.`CAD_ITEM_DSPN`
	USING(`CD_TIP_BEM`)
GROUP BY
	`TIP_BEM`.`CD_TIP_BEM`
;
		]]></sql>
    
    
		<sql name='buscarStipBem'><![CDATA[
SELECT SQL_CACHE
	`CAD_ITEM_DSPN`.`CD_TIP_BEM`,
    `STIP_BEM`.`CD_STIP_BEM`,
    `STIP_BEM`.`DCR_STIP_BEM`
FROM 
	`lvtm_rduo_sldd`.`STIP_BEM`
INNER JOIN
	`lvtm_rduo_sldd`.`CAD_ITEM_DSPN`
	ON 1
        AND `STIP_BEM`.`CD_STIP_BEM` = `CAD_ITEM_DSPN`.`CD_STIP_BEM`
GROUP BY
	`STIP_BEM`.`CD_STIP_BEM`,
    `CAD_ITEM_DSPN`.`CD_TIP_BEM`
ORDER BY
	`CAD_ITEM_DSPN`.`CD_TIP_BEM`,
    `STIP_BEM`.`CD_STIP_BEM`
;
		]]></sql>
    
    
		<sql name='gravaLsItem'><![CDATA[
INSERT INTO 
	`lvtm_rduo_sldd`.`LS_ITEM_DSPN`
(`CD_PRF_DTTR`,
`CD_SBDD_DTTR`,
`CHV_FUN_DCLT`,
`DT_DCL`,
`CD_TIP_BEM`,
`CD_STIP_BEM`,
`ID_BEM`,
`QT_ITEM_DCLD`,
`DRC_BEM_OUTROS`)
VALUES
$updStr
;
		]]></sql>
    
    
		<sql name='gravaHstLsItem'><![CDATA[
INSERT INTO `lvtm_rduo_sldd`.`HST_LS_ITEM_DSPN`
(`CD_PRF_DTTR`,
`CD_SBDD_DTTR`,
`CHV_FUN_DCLT`,
`DT_DCL`,
`CD_TIP_BEM`,
`CD_STIP_BEM`,
`ID_BEM`,
`QT_ITEM_DCLD`,
`DRC_BEM_OUTROS`,
`DT_ATU_ITEM`)
SELECT
    `LS_ITEM_DSPN`.`CD_PRF_DTTR`,
    `LS_ITEM_DSPN`.`CD_SBDD_DTTR`,
    `LS_ITEM_DSPN`.`CHV_FUN_DCLT`,
    `LS_ITEM_DSPN`.`DT_DCL`,
    `LS_ITEM_DSPN`.`CD_TIP_BEM`,
    `LS_ITEM_DSPN`.`CD_STIP_BEM`,
    `LS_ITEM_DSPN`.`ID_BEM`,
    `LS_ITEM_DSPN`.`QT_ITEM_DCLD`,
    `LS_ITEM_DSPN`.`DRC_BEM_OUTROS`,
    NOW()
FROM 
	`lvtm_rduo_sldd`.`LS_ITEM_DSPN`
WHERE 1
	AND `LS_ITEM_DSPN`.`CD_PRF_DTTR` = $cdPrf
    AND `LS_ITEM_DSPN`.`CD_SBDD_DTTR` = $cdSbdd
    AND `LS_ITEM_DSPN`.`CHV_FUN_DCLT` = "$chvFucAnt"
    AND `LS_ITEM_DSPN`.`DT_DCL` LIKE "$dtDclcAnt %"
;
		]]></sql>
    
		<sql name='limpaLsItem'><![CDATA[
DELETE
FROM 
	`lvtm_rduo_sldd`.`LS_ITEM_DSPN`
WHERE 1
	AND `LS_ITEM_DSPN`.`CD_PRF_DTTR` = $cdPrf
    AND `LS_ITEM_DSPN`.`CD_SBDD_DTTR` = $cdSbdd
    AND `LS_ITEM_DSPN`.`CHV_FUN_DCLT` = "$chvFucAnt"
    AND `LS_ITEM_DSPN`.`DT_DCL` LIKE "$dtDclcAnt %"
;
		]]></sql>

	</query>
	
	<query group='BasesUtilit' dcr='SQLs BasesUtilit'>
	
		<sql name='selectPBMS'><![CDATA[
		
			SELECT SQL_CACHE
	    		*
			FROM
	    		BasesUtilit.V_PBMS
			WHERE
	    		ITEM_PBMS <> '00.00.000.000000';
    		
		]]></sql>
		
		
		<sql name='selectFuncis'><![CDATA[
		 SELECT SQL_CACHE CD_USU, NM_IDGL_USU, CD_CMSS_PRFL_IDGL, NM_CRG, CD_DDD_TEL_TRB, NR_TEL_TRB, CD_PRF_DEPE_ATU
		 FROM BasesUtilit.USU
		 WHERE CD_PRF_DEPE_ATU = '7419';
		 
		]]></sql>
		
		<sql name='selectFuncisFiltro'><![CDATA[
		 SELECT SQL_CACHE CD_USU, NM_IDGL_USU, CD_CMSS_PRFL_IDGL, NM_CRG, CD_DDD_TEL_TRB, NR_TEL_TRB, CD_PRF_DEPE_ATU
		 FROM BasesUtilit.USU
		 WHERE $filtro;
		 
		]]></sql>
		
		<!-- 
			SELECT SQL_CACHE
        `u`.`CD_USU` AS `CD_USU`,
        `u`.`NM_IDGL_USU` AS `NM_IDGL_USU`,
        `u`.`NM_CRG` AS `NM_CRG`,
        `u`.`CD_PRF_DEPE_ATU` AS `CD_PRF_DEPE_ATU`,
        REPLACE(`m`.`NM_UOR_CMPL`,'CESUP SUP PATRIMONIO PR/', '') AS `NM_UOR_CMPL`
    	FROM
        (`BasesUtilit`.`USU` `u`
        JOIN `mstNovo`.`MSTF500G` `m`)
   		WHERE
        (`u`.`CD_UOR_PSC` = `m`.`CD_UOR`) AND u.CD_PRF_DEPE_ATU = 7419;
		
		 -->
		<sql name='selectEquipesFuncis'><![CDATA[
		
		SELECT
	        `u`.`CD_USU` AS `CD_USU`,
	        `u`.`NM_IDGL_USU` AS `NM_IDGL_USU`,
			`u`.`CD_DDD_TEL_TRB` AS `CD_DDD_TEL_TRB`,
	        `u`.`NR_TEL_TRB` AS `NR_TEL_TRB`,
	        `u`.`NM_CRG` AS `NM_CRG`,
			`u`.`CD_PRF_DEPE_ATU` AS `CD_PRF_DEPE_ATU`,
	        REPLACE(`m`.`NM_UOR_CMPL`,'CESUP SUP PATRIMONIO PR/', '') AS `NM_UOR_CMPL`
    	FROM
        (`BasesUtilit`.`USU` `u`
        JOIN `mstNovo`.`MSTF500G` `m`)
   		WHERE
        (`u`.`CD_UOR_PSC` = `m`.`CD_UOR`) AND u.CD_PRF_DEPE_ATU = 7419;
        
		]]></sql>
	
		<sql name='selectEquipesFuncisFiltro'><![CDATA[
		
		SELECT
	        `u`.`CD_USU` AS `CD_USU`,
	        `u`.`NM_IDGL_USU` AS `NM_IDGL_USU`,
			`u`.`CD_DDD_TEL_TRB` AS `CD_DDD_TEL_TRB`,
	        `u`.`NR_TEL_TRB` AS `NR_TEL_TRB`,
	        `u`.`NM_CRG` AS `NM_CRG`,
			`u`.`CD_PRF_DEPE_ATU` AS `CD_PRF_DEPE_ATU`,
	        REPLACE(`m`.`NM_UOR_CMPL`,'CESUP SUP PATRIMONIO PR/', '') AS `NM_UOR_CMPL`
    	FROM
        (`BasesUtilit`.`USU` `u`
        JOIN `mstNovo`.`MSTF500G` `m`)
   		WHERE
        `u`.`CD_UOR_PSC` = `m`.`CD_UOR` AND $filtro;
		
		]]></sql>
		
		<sql name='selectEquipesFuncisByNome'><![CDATA[
		
		SELECT
	        `u`.`CD_USU` AS `CD_USU`,
	        `u`.`NM_IDGL_USU` AS `NM_IDGL_USU`,
			`u`.`CD_DDD_TEL_TRB` AS `CD_DDD_TEL_TRB`,
	        `u`.`NR_TEL_TRB` AS `NR_TEL_TRB`,
	        `u`.`NM_CRG` AS `NM_CRG`,
			`u`.`CD_PRF_DEPE_ATU` AS `CD_PRF_DEPE_ATU`,
	        REPLACE(`m`.`NM_UOR_CMPL`,'CESUP SUP PATRIMONIO PR/', '') AS `NM_UOR_CMPL`
    	FROM
        (`BasesUtilit`.`USU` `u`
        JOIN `mstNovo`.`MSTF500G` `m`)
   		WHERE
        (`u`.`CD_UOR_PSC` = `m`.`CD_UOR`) AND u.NM_IDGL_USU = ?;
        
		]]></sql>
		
		
		<sql name="selectConvenios"><![CDATA[
		
		SELECT SQL_CACHE * FROM dbPortal.Convenios7419;
		
		]]></sql>
		
		<sql name='selectContratosGeral'><![CDATA[
		
			SELECT SQL_CACHE * FROM BasesUtilit.ContratosGeral WHERE LEFT(`ContratosGeral`.`CTR`, 4) = "$anoCTR";
    		
		]]></sql>
		
		<sql name="gravaConvenio"><![CDATA[
		
		INSERT INTO dbPortal.Convenios7419 (Nome, Endere�o, Numero, Bairro, Cidade, UF, DDD, Telefone)
		values ('pNome', 'pEndereco', pNumero, 'pBairro', 'pCidade', 'pUF', pDDD, 'pTelefone');
		
		
		]]></sql>
		
		
		<sql name="selectContratosMaterial"><![CDATA[
	
			SELECT SQL_CACHE * FROM BasesUtilit.ContratosMaterial WHERE `ContratosMaterial`.`PRF_DEPE_DEST` = "$prefixo";
		
		]]></sql>
			<!-- 
			SELECT 
        `TCRM820`.`CONTRATO` AS `CONTRATO`,
        CONCAT(`TCRM820`.`TPO_PBMS`,
                `TCRM820`.`CLS_PBMS`,
                `TCRM820`.`SCL_PBMS`,
                `TCRM820`.`SEQ_PBMS`) AS `ITEM_PBMS`,
        `TCRM820`.`VLR_UNIT` AS `VLR_UNIT`,
        `TCRM820`.`PRF_DEPE_DEST` AS `PRF_DEPE_DEST`,
        `TCRM820`.`SAG_DEPE_DEST` AS `SAG_DEPE_DEST`,
        `TCRM820`.`QTD_CNTD` AS `QTD_CNTD`,
        `TCRM820`.`TPO_SITU_CNTR` AS `TPO_SITU_CNTR`,
        `TIP_FASE_CTR`.`TX_FASE_CTR` AS `TX_FASE_CTR`,
        `TCRM820`.`DTA_SITU_CNTR` AS `DTA_SITU_CNTR`,
        `TCRM820`.`COM_SITU_CNTR` AS `COM_SITU_CNTR`
	    FROM
	        (`TCRM820`
	        JOIN `TIP_FASE_CTR` ON ((`TCRM820`.`TPO_SITU_CNTR` = `TIP_FASE_CTR`.`CD_FASE_CTR`)))
	    WHERE
	        (`TCRM820`.`TPO_SITU_CNTR` = 1)
	        
	        SELECT * FROM BasesUtilit.ContratosMaterial;
		 -->	
		
	</query>
</queries>