<?xml version="1.0" encoding="UTF-8"?>
<library xmlns="http://www.netbeans.org/ns/library-declaration/3" version="3.0">
    <name>SCronV6</name>
    <type>j2se</type>
    <display-name>SCronV6</display-name>
    <volume>
        <type>classpath</type>
        <resource>jar:file:/G:/java/scronV6/dist/scronV6.jar!/</resource>
    </volume>
    <volume>
        <type>src</type>
        <resource>file:/G:/java/scronV6/src/</resource>
    </volume>
    <volume>
        <type>javadoc</type>
        <resource>file:/G:/java/scronV6/dist/javadoc/</resource>
    </volume>
    <volume>
        <type>maven-pom</type>
    </volume>
    <properties/>
</library>
