<?xml version="1.0" encoding="UTF-8"?>
<library xmlns="http://www.netbeans.org/ns/library-declaration/3" version="3.0">
    <name>SLogV2</name>
    <type>j2se</type>
    <display-name>SLogV2</display-name>
    <volume>
        <type>classpath</type>
        <resource>jar:file:/G:/java/slogV2/dist/slogV2.jar!/</resource>
    </volume>
    <volume>
        <type>src</type>
        <resource>file:/G:/java/slogV2/src/</resource>
    </volume>
    <volume>
        <type>javadoc</type>
        <resource>file:/G:/java/slogV2/dist/javadoc/</resource>
    </volume>
    <volume>
        <type>maven-pom</type>
    </volume>
    <properties/>
</library>
