<?xml version="1.0" encoding="UTF-8"?>
<!DOCTYPE platform PUBLIC "-//NetBeans//DTD Java PlatformDefinition 1.0//EN" "http://www.netbeans.org/dtds/java-platformdefinition-1_0.dtd">
<platform default="no" name="JDK 1.8.0_71">
    <jdkhome>
        <resource>file:/C:/Java/jdk1.8.0_71/</resource>
    </jdkhome>
    <properties>
        <property name="platform.ant.name" value="JDK_1.8.0_71"/>
    </properties>
    <sysproperties>
        <property name="awt.toolkit" value="sun.awt.windows.WToolkit"/>
        <property name="file.encoding" value="Cp1252"/>
        <property name="file.encoding.pkg" value="sun.io"/>
        <property name="file.separator" value="\"/>
        <property name="java.awt.graphicsenv" value="sun.awt.Win32GraphicsEnvironment"/>
        <property name="java.awt.printerjob" value="sun.awt.windows.WPrinterJob"/>
        <property name="java.class.path" value=""/>
        <property name="java.class.version" value="52.0"/>
        <property name="java.endorsed.dirs" value="C:\Java\jdk1.8.0_71\jre\lib\endorsed"/>
        <property name="java.ext.dirs" value="C:\Java\jdk1.8.0_71\jre\lib\ext;C:\Windows\Sun\Java\lib\ext"/>
        <property name="java.home" value="C:\Java\jdk1.8.0_71\jre"/>
        <property name="java.io.tmpdir" value="C:\Users\Juno\AppData\Local\Temp\"/>
        <property name="java.library.path" value="C:\Java\jdk1.8.0_71\bin;C:\Windows\Sun\Java\bin;C:\Windows\system32;C:\Windows;C:\ProgramData\Oracle\Java\javapath;C:\Java\openjdk-1.8.0_66\bin;C:\Windows\system32;C:\Windows;C:\Windows\System32\Wbem;C:\Windows\System32\WindowsPowerShell\v1.0\;C:\Program Files (x86)\NVIDIA Corporation\PhysX\Common;C:\Program Files\Git\cmd;C:\Program Files\Git\mingw64\bin;C:\Program Files\Git\usr\bin;."/>
        <property name="java.runtime.name" value="Java(TM) SE Runtime Environment"/>
        <property name="java.runtime.version" value="1.8.0_71-b15"/>
        <property name="java.specification.name" value="Java Platform API Specification"/>
        <property name="java.specification.vendor" value="Oracle Corporation"/>
        <property name="java.specification.version" value="1.8"/>
        <property name="java.vendor" value="Oracle Corporation"/>
        <property name="java.vendor.url" value="http://java.oracle.com/"/>
        <property name="java.vendor.url.bug" value="http://bugreport.sun.com/bugreport/"/>
        <property name="java.version" value="1.8.0_71"/>
        <property name="java.vm.info" value="mixed mode"/>
        <property name="java.vm.name" value="Java HotSpot(TM) 64-Bit Server VM"/>
        <property name="java.vm.specification.name" value="Java Virtual Machine Specification"/>
        <property name="java.vm.specification.vendor" value="Oracle Corporation"/>
        <property name="java.vm.specification.version" value="1.8"/>
        <property name="java.vm.vendor" value="Oracle Corporation"/>
        <property name="java.vm.version" value="25.71-b15"/>
        <property name="line.separator" value="&#13;&#10;"/>
        <property name="os.arch" value="amd64"/>
        <property name="os.name" value="Windows 10"/>
        <property name="os.version" value="10.0"/>
        <property name="path.separator" value=";"/>
        <property name="sun.arch.data.model" value="64"/>
        <property name="sun.boot.class.path" value="C:\Java\jdk1.8.0_71\jre\lib\resources.jar;C:\Java\jdk1.8.0_71\jre\lib\rt.jar;C:\Java\jdk1.8.0_71\jre\lib\sunrsasign.jar;C:\Java\jdk1.8.0_71\jre\lib\jsse.jar;C:\Java\jdk1.8.0_71\jre\lib\jce.jar;C:\Java\jdk1.8.0_71\jre\lib\charsets.jar;C:\Java\jdk1.8.0_71\jre\lib\jfr.jar;C:\Java\jdk1.8.0_71\jre\classes"/>
        <property name="sun.boot.library.path" value="C:\Java\jdk1.8.0_71\jre\bin"/>
        <property name="sun.cpu.endian" value="little"/>
        <property name="sun.cpu.isalist" value="amd64"/>
        <property name="sun.desktop" value="windows"/>
        <property name="sun.io.unicode.encoding" value="UnicodeLittle"/>
        <property name="sun.java.command" value="org.netbeans.modules.java.j2seplatform.wizard.SDKProbe C:\Users\Juno\AppData\Local\Temp\nb-platformdetect6804335474775627825properties"/>
        <property name="sun.java.launcher" value="SUN_STANDARD"/>
        <property name="sun.jnu.encoding" value="Cp1252"/>
        <property name="sun.management.compiler" value="HotSpot 64-Bit Tiered Compilers"/>
        <property name="sun.os.patch.level" value=""/>
        <property name="user.country" value="BR"/>
        <property name="user.dir" value=""/>
        <property name="user.home" value="C:\Users\Juno"/>
        <property name="user.language" value="pt"/>
        <property name="user.name" value="Juno"/>
        <property name="user.script" value=""/>
        <property name="user.timezone" value="America/Sao_Paulo"/>
        <property name="user.variant" value=""/>
    </sysproperties>
</platform>
